{
  "metadata": {
    "source": "Sharp & Li 1987, Karlin & Mrazek 1996, GenBank CDS analysis",
    "method": "Relative Synonymous Codon Usage (RSCU) -> CAI weights",
    "reference": "Sharp PM, Li WH. Nucleic Acids Res. 1987;15(3):1281-95",
    "description": "Species-specific CAI reference tables for anomaly scoring"
  },
  "organisms": {
    "escherichia coli": {
      "rscu_table": {
        "CTG": 5.01,
        "CTC": 0.44,
        "CTT": 0.44,
        "CTA": 0.14,
        "TTA": 0.56,
        "TTG": 0.41,
        "AGC": 1.96,
        "TCG": 0.9,
        "TCC": 0.96,
        "TCT": 0.96,
        "AGT": 0.77,
        "TCA": 0.45,
        "CGT": 2.77,
        "CGC": 2.26,
        "CGG": 0.44,
        "CGA": 0.22,
        "AGG": 0.16,
        "AGA": 0.15,
        "GGC": 2.21,
        "GGT": 1.64,
        "GGG": 0.45,
        "GGA": 0.7,
        "CCG": 2.4,
        "CCC": 0.42,
        "CCT": 0.66,
        "CCA": 0.52,
        "ACC": 2.17,
        "ACG": 0.76,
        "ACT": 0.72,
        "ACA": 0.35,
        "GCG": 1.6,
        "GCC": 1.29,
        "GCT": 0.86,
        "GCA": 0.61,
        "GTG": 1.83,
        "GTC": 0.78,
        "GTT": 1.02,
        "GTA": 0.37,
        "ATC": 2.45,
        "ATT": 1.28,
        "ATA": 0.27,
        "AAA": 1.59,
        "AAG": 0.41,
        "AAC": 1.62,
        "AAT": 0.38,
        "CAG": 1.75,
        "CAA": 0.25,
        "CAC": 1.46,
        "CAT": 0.54,
        "GAC": 1.52,
        "GAT": 0.48,
        "GAA": 1.58,
        "GAG": 0.42,
        "TGC": 1.38,
        "TGT": 0.62,
        "TAC": 1.59,
        "TAT": 0.41,
        "TTC": 1.48,
        "TTT": 0.52
      },
      "cai_weights": {
        "TTT": 0.35135135135135137,
        "TTC": 1.0,
        "TTA": 0.11177644710578843,
        "TTG": 0.08183632734530938,
        "CTT": 0.08782435129740519,
        "CTC": 0.08782435129740519,
        "CTA": 0.02794411177644711,
        "CTG": 1.0,
        "ATT": 0.5224489795918367,
        "ATC": 1.0,
        "ATA": 0.11020408163265306,
        "ATG": 1.0,
        "GTT": 0.5573770491803278,
        "GTC": 0.4262295081967213,
        "GTA": 0.20218579234972678,
        "GTG": 1.0,
        "TCT": 0.4897959183673469,
        "TCC": 0.4897959183673469,
        "TCA": 0.22959183673469388,
        "TCG": 0.45918367346938777,
        "AGT": 0.39285714285714285,
        "AGC": 1.0,
        "CCT": 0.275,
        "CCC": 0.175,
        "CCA": 0.21666666666666667,
        "CCG": 1.0,
        "ACT": 0.3317972350230415,
        "ACC": 1.0,
        "ACA": 0.16129032258064516,
        "ACG": 0.3502304147465438,
        "GCT": 0.5375,
        "GCC": 0.80625,
        "GCA": 0.38125,
        "GCG": 1.0,
        "TAT": 0.2578616352201258,
        "TAC": 1.0,
        "CAT": 0.36986301369863017,
        "CAC": 1.0,
        "CAA": 0.14285714285714285,
        "CAG": 1.0,
        "AAT": 0.2345679012345679,
        "AAC": 1.0,
        "AAA": 1.0,
        "AAG": 0.2578616352201258,
        "GAT": 0.3157894736842105,
        "GAC": 1.0,
        "GAA": 1.0,
        "GAG": 0.26582278481012656,
        "TGT": 0.44927536231884063,
        "TGC": 1.0,
        "TGG": 1.0,
        "CGT": 1.0,
        "CGC": 0.815884476534296,
        "CGA": 0.07942238267148015,
        "CGG": 0.1588447653429603,
        "AGA": 0.05415162454873646,
        "AGG": 0.05776173285198556,
        "GGT": 0.7420814479638008,
        "GGC": 1.0,
        "GGA": 0.3167420814479638,
        "GGG": 0.20361990950226244
      },
      "codon_count": 59
    },
    "staphylococcus aureus": {
      "rscu_table": {
        "TTA": 1.89,
        "TTG": 1.46,
        "CTT": 0.94,
        "CTA": 0.22,
        "CTC": 0.36,
        "CTG": 1.13,
        "AAA": 1.81,
        "AAG": 0.19,
        "ATT": 1.64,
        "ATA": 1.12,
        "ATC": 0.24,
        "GGT": 1.68,
        "GGA": 1.28,
        "GGC": 0.48,
        "GGG": 0.56,
        "AGA": 2.1,
        "CGT": 1.4,
        "AGG": 0.86,
        "CGG": 0.22,
        "CGA": 0.24,
        "CGC": 1.18
      },
      "cai_weights": {
        "TTT": 1.0,
        "TTC": 1.0,
        "TTA": 1.0,
        "TTG": 0.7724867724867726,
        "CTT": 0.4973544973544973,
        "CTC": 0.19047619047619047,
        "CTA": 0.11640211640211641,
        "CTG": 0.5978835978835979,
        "ATT": 1.0,
        "ATC": 0.14634146341463414,
        "ATA": 0.6829268292682927,
        "ATG": 1.0,
        "GTT": 1.0,
        "GTC": 1.0,
        "GTA": 1.0,
        "GTG": 1.0,
        "TCT": 1.0,
        "TCC": 1.0,
        "TCA": 1.0,
        "TCG": 1.0,
        "AGT": 1.0,
        "AGC": 1.0,
        "CCT": 1.0,
        "CCC": 1.0,
        "CCA": 1.0,
        "CCG": 1.0,
        "ACT": 1.0,
        "ACC": 1.0,
        "ACA": 1.0,
        "ACG": 1.0,
        "GCT": 1.0,
        "GCC": 1.0,
        "GCA": 1.0,
        "GCG": 1.0,
        "TAT": 1.0,
        "TAC": 1.0,
        "CAT": 1.0,
        "CAC": 1.0,
        "CAA": 1.0,
        "CAG": 1.0,
        "AAT": 1.0,
        "AAC": 1.0,
        "AAA": 1.0,
        "AAG": 0.10497237569060773,
        "GAT": 1.0,
        "GAC": 1.0,
        "GAA": 1.0,
        "GAG": 1.0,
        "TGT": 1.0,
        "TGC": 1.0,
        "TGG": 1.0,
        "CGT": 0.6666666666666666,
        "CGC": 0.5619047619047619,
        "CGA": 0.11428571428571428,
        "CGG": 0.10476190476190476,
        "AGA": 1.0,
        "AGG": 0.4095238095238095,
        "GGT": 1.0,
        "GGC": 0.2857142857142857,
        "GGA": 0.761904761904762,
        "GGG": 0.33333333333333337
      },
      "codon_count": 21
    },
    "mycobacterium tuberculosis": {
      "rscu_table": {
        "CTG": 2.94,
        "CTC": 1.21,
        "CTT": 0.24,
        "CTA": 0.09,
        "TTA": 0.12,
        "TTG": 0.4,
        "GGC": 2.15,
        "GGG": 1.09,
        "GGT": 0.5,
        "GGA": 0.26,
        "CGC": 2.48,
        "CGG": 1.92,
        "CGT": 0.84,
        "CGA": 0.5,
        "AGG": 0.14,
        "AGA": 0.12,
        "GCC": 1.71,
        "GCG": 1.58,
        "GCT": 0.42,
        "GCA": 0.29,
        "CCG": 2.14,
        "CCC": 1.28,
        "CCT": 0.32,
        "CCA": 0.26
      },
      "cai_weights": {
        "TTT": 1.0,
        "TTC": 1.0,
        "TTA": 0.04081632653061224,
        "TTG": 0.1360544217687075,
        "CTT": 0.08163265306122448,
        "CTC": 0.41156462585034015,
        "CTA": 0.030612244897959183,
        "CTG": 1.0,
        "ATT": 1.0,
        "ATC": 1.0,
        "ATA": 1.0,
        "ATG": 1.0,
        "GTT": 1.0,
        "GTC": 1.0,
        "GTA": 1.0,
        "GTG": 1.0,
        "TCT": 1.0,
        "TCC": 1.0,
        "TCA": 1.0,
        "TCG": 1.0,
        "AGT": 1.0,
        "AGC": 1.0,
        "CCT": 0.14953271028037382,
        "CCC": 0.5981308411214953,
        "CCA": 0.12149532710280374,
        "CCG": 1.0,
        "ACT": 1.0,
        "ACC": 1.0,
        "ACA": 1.0,
        "ACG": 1.0,
        "GCT": 0.24561403508771928,
        "GCC": 1.0,
        "GCA": 0.1695906432748538,
        "GCG": 0.9239766081871346,
        "TAT": 1.0,
        "TAC": 1.0,
        "CAT": 1.0,
        "CAC": 1.0,
        "CAA": 1.0,
        "CAG": 1.0,
        "AAT": 1.0,
        "AAC": 1.0,
        "AAA": 1.0,
        "AAG": 1.0,
        "GAT": 1.0,
        "GAC": 1.0,
        "GAA": 1.0,
        "GAG": 1.0,
        "TGT": 1.0,
        "TGC": 1.0,
        "TGG": 1.0,
        "CGT": 0.3387096774193548,
        "CGC": 1.0,
        "CGA": 0.20161290322580647,
        "CGG": 0.7741935483870968,
        "AGA": 0.04838709677419355,
        "AGG": 0.05645161290322581,
        "GGT": 0.23255813953488372,
        "GGC": 1.0,
        "GGA": 0.12093023255813955,
        "GGG": 0.5069767441860465
      },
      "codon_count": 24
    },
    "default": {
      "rscu_table": {
        "CTG": 5.01,
        "CTC": 0.44,
        "CTT": 0.44,
        "CTA": 0.14,
        "TTA": 0.56,
        "TTG": 0.41,
        "AGC": 1.96,
        "TCG": 0.9,
        "TCC": 0.96,
        "TCT": 0.96,
        "AGT": 0.77,
        "TCA": 0.45,
        "CGT": 2.77,
        "CGC": 2.26,